ticker,tag,direction,quote1,quote2,quote3
BARIDC,*,호재,태스크 목록에 한 줄 추가해 두죠. '성공'.,예상 범위 안입니다. 굳이 나설 일은 아니네요.,좋은 결과군요. 다음 지시는 화면으로 내리겠습니다.
BARIDC,*,악재,오차는 계산에 넣어 뒀습니다. 소란 떨 필요 없어요.,…처리하겠습니다. 얼굴을 비출 만한 일은 아니고요.,변수는 회수합니다. 목록 맨 위로 올려두죠.
BAQQQ,*,호재,지표가 전부 우상향이에요. 숫자는 거짓말을 안 하니까요.,미소 지을 이유가 하나 늘었네요. 데이터로 확인됐습니다.,이 흐름, 세미나 노트에 굵게 적어 두겠습니다.
BAQQQ,*,악재,수치가 흔들렸네요. 원인 지표부터 다시 외워 두겠습니다.,웃고는 있지만, 뒤로는 전량 재검산 중입니다.,잠깐의 하락이에요. 장기 데이터가 그렇게 말하고 있습니다.
BAMLB,*,호재,1원 단위까지 맞아떨어졌습니다. 이게 정상이죠.,장부가 이렇게 예쁠 때가 제일 안심돼요.,수익도 좋지만, 오차가 0인 게 더 기쁩니다.
BAMLB,*,악재,어디서 새어나갔는지 소수점까지 추적하겠습니다.,이 오차, 밤을 새워서라도 오늘 안에 메꿉니다.,변명은 회계 담당의 몫이 아닙니다. 바로잡을 뿐이에요.
BAGDI,*,호재,이번 판, 완벽한 클리어네요! 다음 스테이지 갑니다.,수치가 반짝이고 있어요. 이런 게 개발자의 보람이죠!,대박입니다! 이 기세로 엔딩까지 달려요!
BAGDI,*,악재,으윽, 여기서 리스폰이네요. 세이브 포인트부터 다시!,버그는 잡으라고 있는 거예요. 패치 준비할게요.,게임 오버 아니에요. 컨티뉴 있으니까요!
BAVTS,*,호재,방화벽 안쪽은 조용하네요. 그게 최고의 성과죠.,로그가 깨끗합니다. 이대로만 흘러가면 됩니다.,화면 밖은 시끄럽겠지만, 저는 키보드만 봅니다.
BAVTS,*,악재,침입 흔적이군요. 병상에서도 손은 움직입니다.,패치는 이미 짜뒀어요. 소란 떨 새에 막는 게 낫죠.,취약점 하나 찾았다 생각하면 됩니다. 메꾸면 그만.
BANRU,*,호재,좋아, 이겼으면 됐어. 말은 그만하고 다음.,결과로 보여줬잖아. 이런 게 실전이지.,됐고, 이 기세 그대로 밀어붙인다.
BANRU,*,악재,맞았으면 되받아치면 돼. 물러설 생각 없어.,잔소리 말고 현장 나가자. 몸으로 메꾼다.,넘어졌으면 일어나면 그만이야. 별거 아냐.
BAHBK,*,호재,어, 잘 맞았네요… 제원대로라 다행이에요.,계산이 빗나가지 않아서 정말 다행입니다….,수줍지만… 이번 결과, 조금 자랑하고 싶어요.
BAHBK,*,악재,조준을 다시 잡을게요. 다음엔 안 빗나가요….,죄, 죄송해요. 제원을 처음부터 재계산할게요.,괜찮아요… 좌표만 수정하면 되니까요.
BASMR,*,호재,좋은 소식이네요. 다들 무리하지 않으셨으면 해요.,결과가 좋아도 건강이 우선이에요. 천천히 가요.,이럴 때일수록 마음을 잘 돌봐야 해요.
BASMR,*,악재,괜찮아요, 다친 곳부터 살펴봐요. 회복이 먼저예요.,나빠도 당황하지 마세요. 하나씩 치료하면 돼요.,아픈 곳은 숨기지 마세요. 제가 돌보겠습니다.
BASPY,*,호재,예상대로입니다. 감상은 접고 다음 안건으로.,좋은 실적이군요. 다만 방심이 가장 비쌉니다.,성과는 인정합니다. 그럼 목표를 상향하죠.
BASPY,*,악재,감정은 사치입니다. 대응안부터 정리하죠.,이 정도 변수는 계산에 있었습니다. 냉정하게 갑니다.,책임 소재보다 복구 순서가 먼저입니다.
BAKAYA,*,호재,후훗, 납기도 실적도 지켰네요. 당연한 결과죠?,웃으면서 말하지만, 이건 전부 계획대로예요.,좋은 숫자네요. 다음 목표도 기대할게요, 응?
BAKAYA,*,악재,어머, 이런. 그래도 납기는 지켜야겠죠? 후훗.,웃는 얼굴로 말하지만, 지금부터가 진짜예요.,실수는 한 번이면 충분해요. 정리하죠.
BAKVB,*,호재,서류상 이상 없습니다. 좋은 결과네요.,차분히 처리했습니다. 이런 날이 제일 좋아요.,실수 없이 마무리됐습니다. 다행이에요.
BAKVB,*,악재,당황하지 않고 서류부터 다시 확인하겠습니다.,실수는 없었는지 처음부터 짚어 보겠습니다.,조용히, 그러나 확실하게 수습하겠습니다.
BAABS,*,호재,오, 잘 풀렸구먼. 이럴 때 낮잠이 꿀맛이지.,됐고, 결과 좋으면 장땡 아니겠어?,수고했어. 뒷정리는 형이 알아서 할게.
BAABS,*,악재,걱정 마. 위험할 때 맨 앞에 서는 게 내 일이야.,넘어졌으면 어때. 뒤는 내가 막을 테니 가.,별일 아니야. 한숨 자고 나면 방법 나와.
BAABB,*,호재,후훗, 오늘은 빚이 조금 줄겠네요. 기쁜 일이에요.,수익 났다고요? 장부에 웃으면서 적어 둘게요.,이런 소식이면 금고를 열 맛이 나죠.
BAABB,*,악재,괜찮아요, 웃으면서 갚아 나가면 되니까요.,빚은 늘 있었는걸요. 하나씩 메꾸면 돼요.,장부가 빨개져도 미소는 유지합니다. 그게 제 일이죠.
BA68,*,호재,흥, 이번 의뢰는 깔끔하게 해결됐군. 하드보일드하게.,봤지? 이런 게 진짜 해결사의 일이라고.,나쁘지 않은 결말이야. 커피나 한 잔 하지.
BA68,*,악재,쳇, 또 일이 꼬였군… 그래도 의뢰는 완수한다.,이 정도 트러블은 각본에 있었어. 아마도.,하드보일드한 남자는 이런 걸로 안 흔들려… 아마.
BAHRN,*,호재,이 맛이에요. 완벽한 한 접시가 완성됐네요.,극한의 맛엔 극한의 결과가 따르는 법이죠.,우아하게 즐기세요. 이건 저의 걸작이니까요.
BAHRN,*,악재,미완성이군요. 완벽한 맛을 위해 다시 만들죠.,실패한 레시피는 버리면 그만. 재료는 얼마든지 있어요.,이 정도로 물러설 미식가는 없어요. 다시 불을 켜죠.
BAFKA,*,호재,한정된 재료로 이만하면 기적이죠. 다행이에요.,다들 맛있게 먹어 준다면 그걸로 충분해요.,좋은 소식이네요. 오늘 급식은 특별식으로 할까요.
BAFKA,*,악재,재료가 부족해도 굶기진 않아요. 방법을 찾죠.,모자란 대로 최선을 다해 한 끼를 지키겠습니다.,걱정 마세요. 없으면 없는 대로 만들어 내니까요.
BASENA,*,호재,좋은 소식이군요. 하지만 방심은 금물입니다.,구할 수 있었다면 그걸로 됐습니다. 다음 현장으로.,결과가 좋아도 저는 대기 태세를 풀지 않습니다.
BASENA,*,악재,환자가 있는 곳이면 어디든 달려갑니다. 늦지 않아요.,위급할수록 침착하게. 손이 떨리면 못 구합니다.,포기라는 선택지는 제 사전에 없습니다.
BAKSM,*,호재,오, 잘 부쉈… 아니, 잘 지었네! 결과 좋다!,철거도 시공도 내가 제일 빠르지! 봤냐!,이야, 이번 건 진짜 시원하게 끝났다!
BAKSM,*,악재,무너졌으면 다시 세우면 되지! 그게 건설이야!,어이쿠, 좀 부쉈나? 뭐 새로 지으면 되니까!,별거 아냐. 잔해 치우고 처음부터 올린다!
BAKRR,*,호재,반짝반짝! 이런 소식은 언제나 환영이에요!,예뻐요, 이 결과! 트렌드는 우리가 만드는 거죠.,빛나는 하루네요. 이 감각, 놓치지 않을래요!
BAKRR,*,악재,조금 칙칙해졌네요. 다음 컬렉션으로 덮으면 돼요!,트렌드는 돌고 도니까요. 곧 다시 반짝일 거예요.,흠집 났다고 버리나요? 새로 칠하면 그만이죠!
BAGHB,*,호재,후하하! 당연한 결과다. 이 몸의 계산이니까!,게헨나의 지배자에겐 이 정도는 시시하군.,좋아, 아주 좋아. 판이 재밌어지는군!
BAGHB,*,악재,크윽, 이 정도 폭주는 계획의 일부다… 아마도!,물러설 것 같나? 오히려 판을 뒤엎어 주지!,흥, 위기라고? 천재에겐 그저 자극일 뿐이다!
BAHNK,*,호재,오늘 수업은 잘됐네~ 아, 실적 말이에요 실적!,이런 날은 딴소리해도 용서되겠죠? 헤헤.,좋은 소식이니까 오늘은 보충수업 없음! …농담이에요.
BAHNK,*,악재,에이, 이런 날도 있는 거죠~ 다음 시간에 만회!,망했다~ 싶어도 웃으면 반은 넘긴 거예요.,낙제점 아니에요. 재시험 기회는 늘 있으니까요!
BASZM,*,호재,맡은 구역, 이상 없이 지켜냈습니다. 다행이에요.,좋은 결과입니다. 하지만 경계는 늦추지 않아요.,원칙대로 했더니 원칙대로 좋은 날이 왔네요.
BASZM,*,악재,흔들려도 제 자리는 지킵니다. 그게 제 원칙이에요.,물러설 수 없습니다. 이 구역은 제가 맡았으니까요.,당황하지 않겠습니다. 매뉴얼대로 대응합니다.
BAUI,*,호재,…좋은 소식이네요. 조용히 기뻐하겠습니다.,원고를 다듬듯, 이 성과도 차분히 정리해 두죠.,서고 밖은 시끄럽겠지만, 저는 이 결과에 만족해요.
BAUI,*,악재,…괜찮아요. 밤새워 고치면 되니까요.,오탈자를 잡듯, 문제도 하나씩 짚어 나가죠.,소란은 서고 밖의 일. 저는 묵묵히 손봅니다.
BAAIR,*,호재,좋은 소식이네요. 오늘 오시는 분들께 서비스 드려야겠어요.,따뜻한 하루예요. 단골분들도 기뻐하시겠죠?,이런 날은 커피 향이 유난히 좋게 느껴져요.
BAAIR,*,악재,힘든 날이지만, 따뜻한 한 잔이면 견딜 수 있어요.,괜찮아요. 손님 한 분 한 분 챙기다 보면 지나가요.,흐린 날도 단골분들 덕에 버텨요. 천천히 가요.
BAMINE,*,호재,임상 데이터가 좋게 나왔어요. 이럴 때 눈빛이 바뀌죠.,수치가 유의미합니다. 다음 상을 준비하죠.,데이터가 옳았어요. 연구는 거짓말을 안 하니까요.
BAMINE,*,악재,실패한 데이터도 데이터예요. 다시 설계하죠.,파이프라인 하나 접혔다고 멈추진 않아요. 다음 후보로.,감정보다 근거예요. 원인부터 규명하겠습니다.
BATRG,*,호재,정의가 이겼군! 수리비는… 나중에 생각하자!,좋아, 악을 물리쳤으면 된 거다! 출동 보람 있었어!,이런 결말이야말로 정의의 편이지! 하하하!
BATRG,*,악재,견적? 그런 건 나중이다! 지금은 출동이 먼저야!,정의 앞에 후퇴는 없다! 부서진 건 나중에 고치지!,쓰러져도 다시 선다! 그게 정의의 대장이니까!
BAMARI,*,호재,좋은 소식이네요. 여정이 순탄할 것 같아요.,여행자분들도 기뻐하시겠죠. 저도 마음이 놓여요.,이런 날의 풍경은 유난히 아름답게 보여요.
BAMARI,*,악재,길이 험해도 안내는 계속됩니다. 걱정 마세요.,흐린 날의 순례도 나름의 의미가 있는 법이죠.,당황하지 않을게요. 여행자분들 마음부터 살피겠습니다.
BATRB,*,호재,어머, 근사한 소식이네요. 오늘 티파티는 축배로 할까요.,후훗, 기분 좋은 날이에요. 다들 즐겨 주세요.,화사한 결과네요. 이런 날은 저도 기분이 좋아요.
BATRB,*,악재,어머 이런. 하지만 제 변덕은 이 정도로 안 끝나요.,흠, 조금 흐려졌네요. 곧 다시 화사하게 만들죠.,미소는 유지할게요. 폭풍은 그 뒤에 부를 테니까요.
WWJIN,*,호재,좋은 결과군요. 하지만 여기서 결단을 늦추진 않겠습니다.,온화하게 받아들이되, 다음 수는 이미 두고 있어요.,금주의 이름으로 이 성과를 지켜내겠습니다.
WWJIN,*,악재,흔들림은 잠시입니다. 결단은 누구보다 빠르게 내리죠.,침착하게, 그러나 단호하게 방향을 잡겠습니다.,위기일수록 수장이 흔들리면 안 됩니다. 제가 중심을 잡죠.
WWCHL,*,호재,불꽃처럼 번지는 흐름이군. 판은 내가 설계한 대로다.,좋은 결과다. 하지만 이건 큰 그림의 한 수에 불과해.,통찰이 맞아떨어졌군. 다음 판도 이미 보인다.
WWCHL,*,악재,불이 꺼진 게 아니야. 다시 지피면 그만이지.,판이 흔들려도 설계도는 내 손에 있다. 침착하게.,위기는 전략가에겐 재료일 뿐. 판을 다시 짜지.
WWXLY,*,호재,실험 성공이에요. 밤을 새운 보람이 있네요.,데이터가 예쁘게 나왔어요. 이래서 연구를 멈출 수 없죠.,가설이 맞았어요. 다음 실험도 바로 시작할래요.
WWXLY,*,악재,실패도 데이터예요. 변수만 바꿔서 다시 돌리죠.,밤낮이 무슨 상관인가요. 될 때까지 실험할 뿐이에요.,이 오류, 오히려 흥미롭네요. 원인을 파헤쳐 보죠.
WWJYN,*,호재,화물은 무사히 도착했습니다. 그거면 됐죠.,악천후에도 항로를 지켰습니다. 좋은 결과네요.,청룡의 이름을 걸었으니, 이 정도는 당연합니다.
WWJYN,*,악재,폭풍이 와도 화물은 반드시 도착시킵니다. 걱정 마세요.,항로가 험해도 기장은 조종간을 놓지 않습니다.,악천후는 늘 있는 일. 침착하게 고도를 잡죠.
WWSKP,*,호재,…네트워크는 조용합니다. 그게 가장 좋은 소식이죠.,등대처럼, 저는 그저 제자리를 지켰을 뿐입니다.,조용한 성과네요. 소란은 저와 어울리지 않으니까요.
WWSKP,*,악재,…신호가 끊겼군요. 조용히 복구하겠습니다.,소란 떨 것 없어요. 회선을 다시 이으면 됩니다.,어둠 속에서도 불빛은 지킵니다. 그게 제 일이에요.
WWCAM,*,호재,어머, 예쁘게 피었네요. 이런 결과는 향기롭죠.,후훗, 아름다운 소식이에요. 가시는 잠시 숨겨 둘게요.,활짝 피었으니 마음껏 즐기세요. …너무 가까이는 말고요.
WWCAM,*,악재,꽃이 졌다고 슬퍼 마세요. 다시 피우면 되니까요.,어머, 조금 위험해졌네요. 그래서 더 재밌잖아요?,시들어도 향기는 남아요. 곧 새 꽃을 피우죠.
NKLTR,*,호재,좋은 결과네요. 이 기세면 하루 만에 더 올리죠.,설계대로 완공. 이런 소식이 제일 뿌듯해요.,다음 현장도 바로 착공할까요. 쉴 틈이 없네요.
NKLTR,*,악재,무너졌으면 다시 세우죠. 그게 제 일이니까요.,잔해부터 정리하고 설계를 다시 그리겠습니다.,밤을 새워서라도 복구합니다. 도면은 제 손에 있어요.
NKVOL,*,호재,시청률 대박이에요! 이런 그림을 원했다고요!,카메라 잘 돌렸네요. 오늘 방송은 레전드예요!,반응 폭발! 다음 특집도 기대해 주세요, 여러분!
NKVOL,*,악재,컷! …편집으로 살릴 수 있어요. 걱정 마세요.,시청률 떨어져도 다음 아이템으로 뒤집으면 되죠.,방송 사고도 콘텐츠예요! 이걸로 특집 하나 만들죠!
NKNEO,*,호재,매출 좋아요! 이럴 때 신상 좀 들여놔야겠어요.,대박이에요! …이 김에 저 물건도 사도 될까요?,잘 팔렸으니 저도 기분 좋게 지갑… 아니, 재고 채울게요!
NKNEO,*,악재,좀 안 팔렸네요. 그래도 좋아하는 건 못 놓겠어요.,매출 부진해도 진열은 예쁘게! 그게 제 원칙이에요.,괜찮아요, 세일하면 되죠! …제가 먼저 사고 싶긴 하지만.
NKEXA,*,호재,랭킹 1위 갱신! 밤새운 보람이 있네요.,이번 판, 완승이에요. 다음 시즌도 정상 사수합니다.,스코어 최고 기록! 이 손맛이 못 참겠다니까요.
NKEXA,*,악재,한 판 졌다고 접나요? 리트라이하면 되죠.,패배도 리플레이 분석하면 다음 승리의 재료예요.,랭킹 떨어졌네요… 오늘 밤도 새우면 되겠어요.
AEYVN,*,호재,공정 수율이 목표를 넘었어요. 다음 노드로 바로 넘어가죠.,설계가 맞아떨어졌네요. 밤샘한 보람이 있어요.,이 칩, 시장 판도를 바꿀 겁니다.
AEYVN,*,악재,수율이 흔들렸네요. 원인 웨이퍼부터 다시 봅니다.,실패한 공정도 데이터예요. 재설계하죠.,지연은 있어도 후퇴는 없어요. 다시 돌립니다.
NKILG,*,호재,전력망이 안정적입니다. 그게 최고의 실적이죠.,정전 없는 하루, 그거면 충분합니다.,꾸준함이 결과로 돌아왔네요.
NKILG,*,악재,부하가 몰렸지만 예비 전력으로 버팁니다.,불이 꺼지지 않게 하는 게 제 일입니다. 복구하죠.,당황하지 않고 계통부터 안정시키겠습니다.
AEGIL,*,호재,새 합금이 규격을 통과했어요. 산업이 바뀔 겁니다.,데이터가 옳았네요. 다음 배합으로 가죠.,기초 소재가 튼튼해야 위가 산다니까요.
AEGIL,*,악재,배합이 틀어졌네요. 처음부터 다시 계산합니다.,실패한 시료도 결과예요. 원인을 파헤치죠.,납기는 늦어도 품질은 못 타협합니다.
WWLNE,*,호재,신차 반응 폭발이네요. 다음 라인업도 기대하세요.,직접 몰아보고 다듬은 값어치가 나왔어요.,길 위에서 증명했으니 됐죠.
WWLNE,*,악재,리콜? 안전이 먼저니 바로 잡습니다.,이번 모델은 아쉽지만 다음 세대로 뒤집죠.,멈춰 섰다고 끝은 아니에요. 다시 달립니다.
ERSUA,*,호재,손해율이 안정적이에요. 계산대로입니다.,가입자분들을 잘 지켜냈다면 그걸로 됐죠.,리스크를 미리 읽은 보람이 있네요.
ERSUA,*,악재,대형 청구가 들어왔지만 준비금으로 감당합니다.,최악을 가정해 둔 게 이럴 때 빛나죠.,약속은 지킵니다. 그게 보험이니까요.
NKMNA,*,호재,고객사 칩을 완벽한 수율로 뽑았어요. 신뢰가 곧 수주죠.,증설이 제때 돌아갔네요. 물량은 저희가 책임집니다.,설계는 그쪽이, 완성은 저희가. 좋은 결과네요.
NKMNA,*,악재,수율이 흔들렸지만 라인을 다시 잡습니다.,증설이 늦어도 납기는 지켜냅니다.,고객 신뢰가 생명이에요. 원인부터 바로잡죠.
WWMNE,*,호재,슈퍼사이클이 왔어요! 지금이 메모리의 계절이죠.,가격이 치솟네요. 이 파도, 제대로 타봅시다.,재고가 동났어요. 없어서 못 파는 겁니다!
WWMNE,*,악재,치킨게임이네요. 버티는 놈이 이깁니다.,가격 폭락? 사이클은 돌아요. 다음 상승을 준비하죠.,적자 구간이지만 감산으로 버팁니다.
WWLCL,*,호재,설계부터 생산까지 다 쥐고 있으니 흔들림이 없죠.,신형 코어가 벤치를 갈아치웠어요.,종합반도체의 저력을 실적으로 보였네요.
WWLCL,*,악재,공정 전환이 늦었네요. 로드맵을 다시 짭니다.,경쟁사에 밀렸지만 다음 세대로 뒤집죠.,성숙한 회사는 이런 걸로 안 흔들려요. 차분히.
NKCCL,*,호재,EUV 주문이 밀렸어요. 저희 없인 미세공정도 없죠.,장비 한 대에 팹 하나가 걸려 있으니까요.,누가 이기든, 장비는 저희가 팝니다.
NKCCL,*,악재,납기가 밀렸네요. 정밀 조정에 시간이 필요해요.,수출 규제요? 그래도 기술 우위는 저희 겁니다.,한 대 한 대가 예술이라 서두를 순 없어요.
